system,1.0,NodeConnection
symbol,1.0,0.0,box.png,system
symbol,2.0,0.0,human.png,User
symbol,3.0,0.0,oval.png,สร้าง Use Case
position,1.0,1.0,91.99999999999989,102.80000000000001,669.8,353.79999999999995,0.0
position,2.0,2.0,171.2,237.2,90.0,90.0,0.0
position,3.0,3.0,498.20000000000016,132.2000000000001,155.5999999999999,154.79999999999995,0.0
connection,217.2,291.99999923706054,577.2000000000002,210.7999984741212,none
