system,1.0,NodeConnection
useCase,1.0,0.0,human.png,User
useCase,2.0,0.0,oval.png,สร้าง Use Case
position,1.0,1.0,171.2,237.2,90.0,90.0,0.0
position,2.0,2.0,488.60000000000025,157.0000000000001,155.5999999999999,154.79999999999995,0.0
connection,566.4000030517581,234.40000152587902,216.2,282.2,none
