system,1.0,NodeConnection
symbol,1.0,0.0,oval.png,สร้าง Use Case
symbol,2.0,0.0,human.png,User
position,1.0,1.0,387.80000000000007,65.0,155.5999999999999,154.79999999999995,0.0
position,2.0,2.0,73.60000000000002,362.79999999999995,90.0,90.0,0.0
connection,118.60000000000002,407.79999999999995,465.6000030517579,142.4000015258789
