system,1.0,TestConnection
symbol,1.0,0.0,human.png,1
symbol,2.0,0.0,oval.png,2
position,1.0,1.0,204.0,193.99999999999997,90.0,90.0,0.0
position,2.0,2.0,608.8000000000002,209.19999999999993,90.0,90.0,0.0
connection,249.0,238.99999999999997,653.8000000000002,254.19999999999993,test
