system,1.0,TestConnection
symbol,1.0,0.0,human.png,1
symbol,2.0,0.0,oval.png,2
position,1.0,1.0,204.0,193.99999999999997,90.0,90.0,0.0
position,2.0,2.0,528.0000000000001,127.59999999999994,90.0,90.0,0.0
connection,250.0,248.79999923706052,574.2000007629396,173.8000007629394,test
